#3247.docx|1bcf4c01d7313faf6ca75f6981d09304
#3249.docx|dd41e8f46328d8800dc592419296ea1d
#3250.docx|b8ebb88325c42f806521b1a3b41d7fe1
#3276.doc|121956815de6276ddb5f1978e7431149
#3295.doc|0f3ad80e8bb825cc303873a47c84a660
#3840.doc|6f36f7cde31efc87d3edeb2d80060591
101438745-cat-conjunctivitis-causes.jpg|0b057be67f220767dd1075594432e8b8
1817db9a2a947adc1d1e2ebbdf8dcafd.jpg|cfc5a8e8a803645232990aaf2ff49fd7
3385141-cat-images.jpg|f092a7ed1ab1a9c4c83b2615b0f335a1
7dd84d70-768b-492b-88f7-a6c70f2db2e9.jpg|53f8484efb0fbbeaf6cf0983e0424e07
cat-03.jpg|53f8484efb0fbbeaf6cf0983e0424e07
cat-adult-landing-hero.jpg|2a3c7e0ae9da299dbaee58c80ad992b0
cat-black-superstitious-fcs-cat-myths-162286659.jpg|7e9be033a955f18f777a87d28f93be3e
cat2.jpg|096254b20f79b6728384a54dbba69ea1
chaton_232339_w620.jpg|3fb617f7a7cc758a998410ad4567c126
cute-cat.jpg|b4f0a32909d39f9db932efc4487cb635
cute-kitten-catcute-little-cat-hd-for-desktop-of-cute-white-kitten.jpg|67e5e258f7c982e6154271b92aa5a65f
cutest-cat-picture-ever.jpg|b8ad978bbab094a5c3539a39e5d5e61e
czarny-kot-fakt.jpg|17c9cdaceed06f53aed46f0466df604c
e0194eca1c8135636ce0e014341548c3.jpg|e0194eca1c8135636ce0e014341548c3
f03b7614dfadbbe4c2e8f88b69d12e04.jpg|f03b7614dfadbbe4c2e8f88b69d12e04
foryou.txt|318175c7f653f2480944c3ed3f61bcca
global-messages-db.sqlite|18797760123cca2785ba0a91d8c6488a
HP_PCC_md_0130_cat53.jpg|17d9bb1d5b6505e14b24d7b36feed5c4
Links.docx|4e0af85db16d3ba53a221363346a3d8e
places.sqlite|a4195555c3c03d0f6149df0e9952a3b4
stuff.txt|b436d314e9918621f8341fa4105da41d
thestuff.zip|4364f14ecdd1380e8d60c54b92492baa